Top pages,Clicks,Impressions,CTR,Position
https://jobsbyculture.com/blog/working-at-anthropic-2026,29,4676,0.62%,6.26
https://jobsbyculture.com/blog/working-at-cursor-2026,17,1005,1.69%,4.65
https://jobsbyculture.com/,7,193,3.63%,7.83
https://jobsbyculture.com/blog/working-at-stripe-2026,5,1662,0.3%,5.78
https://jobsbyculture.com/blog/working-at-deepmind-2026,5,789,0.63%,5.17
https://jobsbyculture.com/blog/openai-vs-deepmind-culture-comparison,4,459,0.87%,6.81
https://jobsbyculture.com/blog/working-at-perplexity-2026,3,755,0.4%,5.43
https://jobsbyculture.com/companies/cursor,3,432,0.69%,8.41
https://jobsbyculture.com/companies/supabase,3,65,4.62%,6.35
https://jobsbyculture.com/blog/highest-paying-ai-companies-2026,2,612,0.33%,4.59
https://jobsbyculture.com/companies/plaid,2,282,0.71%,14.22
https://jobsbyculture.com/companies/together,2,208,0.96%,11.28
https://jobsbyculture.com/blog/best-ai-companies-work-life-balance-2026,1,433,0.23%,6.23
https://jobsbyculture.com/blog/best-ai-companies-to-work-for-2026,1,298,0.34%,5.4
https://jobsbyculture.com/companies/perplexity,1,297,0.34%,16.35
https://jobsbyculture.com/blog/working-at-airbnb-2026,1,165,0.61%,5.25
https://jobsbyculture.com/blog/best-ai-companies-work-life-balance-san-francisco-2026,1,135,0.74%,5.16
https://jobsbyculture.com/compare/anthropic-vs-openai,1,89,1.12%,5.04
https://jobsbyculture.com/companies/elevenlabs,1,88,1.14%,9.99
https://jobsbyculture.com/companies/linear,1,72,1.39%,11.29
https://jobsbyculture.com/companies/coreweave,1,72,1.39%,18.89
https://jobsbyculture.com/companies/modal,1,54,1.85%,11.17
https://jobsbyculture.com/blog/flat-hierarchy-tech-companies,1,52,1.92%,8.75
https://jobsbyculture.com/compare/netflix-vs-google,1,49,2.04%,4.67
https://jobsbyculture.com/compare/cursor-vs-posthog,1,42,2.38%,7.55
https://www.jobsbyculture.com/jobs?value=learning,1,36,2.78%,10.78
https://jobsbyculture.com/companies/pylon,1,36,2.78%,16.47
https://jobsbyculture.com/compare/anthropic-vs-meta,1,28,3.57%,4.75
https://jobsbyculture.com/compare/airtable-vs-posthog,1,26,3.85%,6.96
https://jobsbyculture.com/compare/snowflake-vs-databricks,1,20,5%,6.35
https://jobsbyculture.com/compare/elevenlabs-vs-mistral,1,14,7.14%,5.21
https://jobsbyculture.com/compare/databricks-vs-stripe,1,12,8.33%,6
https://jobsbyculture.com/compare/coinbase-vs-stripe,1,10,10%,4.5
https://jobsbyculture.com/compare/cursor-vs-suno,1,10,10%,6.4
https://jobsbyculture.com/compare/brex-vs-supabase,1,7,14.29%,7.14
https://jobsbyculture.com/roles/async/design,1,4,25%,4
https://jobsbyculture.com/locations/paris/legal,1,4,25%,16.5
https://jobsbyculture.com/compare/openai-vs-microsoft,1,3,33.33%,4.67
https://jobsbyculture.com/compare/linear-vs-mistral,1,2,50%,7.5
https://jobsbyculture.com/blog/remote-friendly-ai-companies-hiring-2026,0,592,0%,6.88
https://jobsbyculture.com/blog/working-at-databricks-2026,0,517,0%,4.89
https://www.jobsbyculture.com/companies/anthropic,0,490,0%,24.49
https://jobsbyculture.com/blog/working-at-openai-2026,0,445,0%,5.54
https://jobsbyculture.com/companies/anthropic,0,416,0%,20.58
https://jobsbyculture.com/blog/best-ai-startups-to-join-2026,0,356,0%,7.1
https://jobsbyculture.com/companies/airbnb,0,305,0%,25.62
https://jobsbyculture.com/companies/vast,0,245,0%,9.87
https://jobsbyculture.com/compare/google-vs-apple,0,231,0%,4.11
https://jobsbyculture.com/blog/working-at-coreweave-2026,0,196,0%,5.82
https://jobsbyculture.com/companies/databricks,0,183,0%,10.15
https://jobsbyculture.com/compare/databricks-vs-supabase,0,182,0%,2.93
https://jobsbyculture.com/blog/open-source-ai-companies-hiring-2026,0,179,0%,5.84
https://jobsbyculture.com/blog/best-ai-companies-for-engineers-2026,0,158,0%,6.3
https://www.jobsbyculture.com/jobs?company=stripe,0,153,0%,42.71
https://jobsbyculture.com/jobs?company=perplexity,0,140,0%,21.76
https://jobsbyculture.com/locations/paris/ml-ai,0,139,0%,14.79
https://jobsbyculture.com/companies/grafanalabs,0,132,0%,14.92
https://jobsbyculture.com/compare/figma-vs-supabase,0,129,0%,7.92
https://jobsbyculture.com/compare/huggingface-vs-supabase,0,127,0%,5.24
https://jobsbyculture.com/companies/airtable,0,125,0%,24.29
https://jobsbyculture.com/blog/anthropic-remote-work-policy-2026,0,123,0%,4.33
https://jobsbyculture.com/companies/runway,0,123,0%,15.82
https://jobsbyculture.com/companies/cohere,0,122,0%,15.89
https://jobsbyculture.com/compare/figma-vs-grafanalabs,0,121,0%,2.02
https://jobsbyculture.com/compare/grafanalabs-vs-langchain,0,111,0%,1.84
https://jobsbyculture.com/companies/mistral,0,102,0%,8.16
https://jobsbyculture.com/compare/grafanalabs-vs-huggingface,0,98,0%,3.76
https://jobsbyculture.com/blog/working-at-grafana-labs-2026,0,95,0%,5.64
https://jobsbyculture.com/companies/brex,0,95,0%,18.25
https://jobsbyculture.com/jobs?value=learning,0,90,0%,7.74
https://jobsbyculture.com/companies/vercel,0,87,0%,23.07
https://jobsbyculture.com/companies/weaviate,0,85,0%,13.88
https://jobsbyculture.com/compare/nvidia-vs-google,0,78,0%,4.33
https://www.jobsbyculture.com/jobs?company=coreweave,0,78,0%,21.21
https://jobsbyculture.com/compare/databricks-vs-grafanalabs,0,77,0%,3.23
https://jobsbyculture.com/companies/ramp,0,75,0%,19.99
https://jobsbyculture.com/locations/berlin,0,75,0%,23.16
https://jobsbyculture.com/compare,0,72,0%,17.5
https://jobsbyculture.com/compare/perplexity-vs-openai,0,71,0%,8.7
https://jobsbyculture.com/locations/munich,0,71,0%,25.28
https://jobsbyculture.com/companies/mercury,0,68,0%,8.78
https://jobsbyculture.com/jobs?value=remote,0,67,0%,9.19
https://jobsbyculture.com/blog,0,67,0%,12.97
https://jobsbyculture.com/companies/apollo,0,67,0%,15.4
https://jobsbyculture.com/companies/stripe,0,64,0%,24.19
https://jobsbyculture.com/jobs?value=equity,0,59,0%,10.29
https://jobsbyculture.com/compare/posthog-vs-vercel,0,49,0%,5.2
https://jobsbyculture.com/companies/hubspot,0,49,0%,28.45
https://www.jobsbyculture.com/companies/stripe,0,42,0%,42.93
https://www.jobsbyculture.com/jobs?company=vercel,0,39,0%,42.59
https://jobsbyculture.com/locations/new-york,0,38,0%,14.03
https://jobsbyculture.com/compare/notion-vs-supabase,0,37,0%,5.78
https://jobsbyculture.com/compare/google-vs-netflix,0,36,0%,3.58
https://jobsbyculture.com/locations/san-francisco/ml-ai,0,32,0%,16.44
https://jobsbyculture.com/companies/huggingface,0,29,0%,10.97
https://jobsbyculture.com/compare/amazon-vs-microsoft,0,28,0%,4.25
https://jobsbyculture.com/compare/grafanalabs-vs-supabase,0,28,0%,5.21
https://jobsbyculture.com/roles/ml-ai,0,27,0%,22.07
https://jobsbyculture.com/locations/sydney/engineering,0,27,0%,33.37
https://jobsbyculture.com/compare/linear-vs-vercel,0,26,0%,7.27
https://www.jobsbyculture.com/jobs?value=many-hats,0,26,0%,8.08
https://jobsbyculture.com/compare/tailscale-vs-vast,0,24,0%,5.88
https://jobsbyculture.com/compare/plaid-vs-vast,0,24,0%,7.88
https://jobsbyculture.com/compare/tailscale-vs-vercel,0,24,0%,8.25
https://jobsbyculture.com/compare/google-vs-amazon,0,23,0%,5.04
https://jobsbyculture.com/compare/airtable-vs-supabase,0,23,0%,15.13
https://jobsbyculture.com/locations/remote/ml-ai,0,23,0%,41.7
https://jobsbyculture.com/compare/posthog-vs-stripe,0,22,0%,6.55
https://jobsbyculture.com/blog/working-at-together-ai-2026,0,22,0%,7.41
https://jobsbyculture.com/locations/london,0,22,0%,14.64
https://jobsbyculture.com/compare/linear-vs-figma,0,21,0%,5.95
https://jobsbyculture.com/roles/sales,0,20,0%,9.3
https://jobsbyculture.com/companies/suno,0,20,0%,25.4
https://jobsbyculture.com/locations/london/ml-ai,0,20,0%,37.3
https://www.jobsbyculture.com/jobs?value=open-source,0,20,0%,38.1
https://jobsbyculture.com/compare/plaid-vs-together,0,19,0%,3
https://jobsbyculture.com/roles/many-hats/data,0,19,0%,10.79
https://jobsbyculture.com/jobs?company=together,0,19,0%,21.47
https://jobsbyculture.com/compare/plaid-vs-stripe,0,19,0%,21.74
https://jobsbyculture.com/compare/vercel-vs-stripe,0,18,0%,6.11
https://jobsbyculture.com/locations/paris/engineering,0,18,0%,19.89
https://www.jobsbyculture.com/jobs?company=cohere,0,17,0%,7.71
https://jobsbyculture.com/compare/anthropic-vs-scale,0,17,0%,16.24
https://jobsbyculture.com/compare/huggingface-vs-vercel,0,16,0%,3.75
https://jobsbyculture.com/culture-map,0,16,0%,6.44
https://jobsbyculture.com/compare/cursor-vs-perplexity,0,16,0%,7.44
https://jobsbyculture.com/compare/mercury-vs-stripe,0,16,0%,9.06
https://jobsbyculture.com/roles/ethical-ai/data,0,16,0%,9.75
https://jobsbyculture.com/roles/ethical-ai/product,0,16,0%,10.69
https://jobsbyculture.com/locations/paris/marketing,0,16,0%,22.5
https://jobsbyculture.com/compare/meta-vs-apple,0,15,0%,3.93
https://jobsbyculture.com/compare/databricks-vs-langchain,0,15,0%,4.73
https://www.jobsbyculture.com/jobs?value=ethical-ai,0,15,0%,9.27
https://jobsbyculture.com/compare/figma-vs-replit,0,15,0%,10.33
https://jobsbyculture.com/locations/tokyo/engineering,0,15,0%,12.27
https://jobsbyculture.com/compare/google-vs-meta,0,15,0%,15.47
https://jobsbyculture.com/locations/san-francisco/finance,0,15,0%,16.2
https://jobsbyculture.com/locations/london/sales,0,15,0%,37.47
https://jobsbyculture.com/locations/toronto/data,0,15,0%,65.67
https://jobsbyculture.com/compare/hubspot-vs-posthog,0,14,0%,4.71
https://jobsbyculture.com/compare/huggingface-vs-tailscale,0,14,0%,6.79
https://jobsbyculture.com/compare/cursor-vs-github-copilot,0,14,0%,7.43
https://www.jobsbyculture.com/jobs?value=remote,0,14,0%,14.14
https://jobsbyculture.com/compare/brex-vs-stripe,0,14,0%,15.57
https://www.jobsbyculture.com/jobs?company=perplexity,0,14,0%,21.14
https://jobsbyculture.com/compare/elevenlabs-vs-mercury,0,13,0%,3.62
https://jobsbyculture.com/compare/meta-vs-amazon,0,13,0%,7.77
https://jobsbyculture.com/compare/cursor-vs-tailscale,0,13,0%,8.62
https://jobsbyculture.com/locations/chicago,0,13,0%,12
https://jobsbyculture.com/compare/anthropic-vs-google,0,12,0%,2.08
https://www.jobsbyculture.com/,0,12,0%,4.25
https://jobsbyculture.com/compare/brex-vs-posthog,0,12,0%,6.17
https://jobsbyculture.com/roles/open-source/sales,0,12,0%,6.33
https://jobsbyculture.com/compare/plaid-vs-scale,0,12,0%,8
https://jobsbyculture.com/locations/paris/sales,0,12,0%,9.83
https://jobsbyculture.com/values/equity,0,12,0%,12.75
https://jobsbyculture.com/compare/stripe-vs-shopify,0,11,0%,3
https://jobsbyculture.com/compare/replit-vs-tailscale,0,11,0%,5.27
https://jobsbyculture.com/compare/linear-vs-pylon,0,11,0%,5.91
https://jobsbyculture.com/compare/brex-vs-replit,0,11,0%,6.27
https://jobsbyculture.com/compare/mistral-vs-openai,0,11,0%,6.45
https://jobsbyculture.com/compare/airtable-vs-brex,0,11,0%,6.73
https://jobsbyculture.com/locations/paris/product,0,11,0%,7.82
https://jobsbyculture.com/compare/brex-vs-vast,0,11,0%,8.45
https://jobsbyculture.com/compare/incidentio-vs-stripe,0,11,0%,8.55
https://jobsbyculture.com/compare/nvidia-vs-amd,0,11,0%,8.73
https://jobsbyculture.com/roles/ethical-ai/engineering,0,11,0%,15.18
https://jobsbyculture.com/compare/brex-vs-weaviate,0,10,0%,4.8
https://jobsbyculture.com/compare/perplexity-vs-suno,0,10,0%,7.1
https://jobsbyculture.com/locations/london/engineering,0,10,0%,7.2
https://jobsbyculture.com/locations/austin,0,10,0%,7.4
https://jobsbyculture.com/locations/san-francisco/product,0,10,0%,8.3
https://jobsbyculture.com/roles/flex-hours/data,0,10,0%,11.6
https://jobsbyculture.com/companies/incidentio,0,10,0%,13.1
https://jobsbyculture.com/locations/singapore/ml-ai,0,10,0%,52.6
https://jobsbyculture.com/compare/linear-vs-supabase,0,9,0%,5.22
https://jobsbyculture.com/blog/ai-company-employee-count-2026,0,9,0%,5.33
https://jobsbyculture.com/compare/databricks-vs-snowflake,0,9,0%,6.33
https://jobsbyculture.com/locations/remote/sales,0,9,0%,6.67
https://jobsbyculture.com/values/deep-work,0,9,0%,6.67
https://jobsbyculture.com/compare/brex-vs-elevenlabs,0,9,0%,6.78
https://jobsbyculture.com/locations/seattle/product,0,9,0%,7.33
https://jobsbyculture.com/compare/coreweave-vs-tailscale,0,9,0%,8.33
https://jobsbyculture.com/compare/stripe-vs-suno,0,9,0%,8.33
https://jobsbyculture.com/locations/singapore/sales,0,9,0%,12
https://jobsbyculture.com/locations/london/operations,0,9,0%,23
https://jobsbyculture.com/locations/remote/data,0,9,0%,44
https://jobsbyculture.com/compare/linear-vs-posthog,0,8,0%,3.75
https://jobsbyculture.com/compare/brex-vs-cursor,0,8,0%,4.62
https://jobsbyculture.com/compare/cursor-vs-pylon,0,8,0%,6.62
https://jobsbyculture.com/compare/anthropic-vs-suno,0,8,0%,6.75
https://jobsbyculture.com/compare/google-vs-microsoft,0,8,0%,7
https://jobsbyculture.com/compare/tesla-vs-rivian,0,8,0%,7.5
https://jobsbyculture.com/values/flat,0,8,0%,7.62
https://jobsbyculture.com/locations/san-francisco/design,0,8,0%,8.75
https://jobsbyculture.com/roles/many-hats/finance,0,8,0%,11.12
https://jobsbyculture.com/locations/new-york/engineering,0,8,0%,13.62
https://jobsbyculture.com/compare/mistral-vs-perplexity,0,8,0%,14.75
https://jobsbyculture.com/locations/berlin/sales,0,8,0%,17.62
https://jobsbyculture.com/roles/wlb/data,0,8,0%,18.25
https://www.jobsbyculture.com/jobs?value=async,0,8,0%,26.25
https://jobsbyculture.com/locations/london/data,0,8,0%,37.5
https://jobsbyculture.com/roles/engineering,0,7,0%,5.43
https://jobsbyculture.com/compare/hubspot-vs-salesforce,0,7,0%,6.86
https://jobsbyculture.com/compare/airtable-vs-databricks,0,7,0%,7.14
https://jobsbyculture.com/values/remote,0,7,0%,8.29
https://jobsbyculture.com/compare/airtable-vs-mercury,0,7,0%,8.86
https://jobsbyculture.com/locations/san-francisco/engineering,0,7,0%,8.86
https://jobsbyculture.com/compare/airtable-vs-apollo,0,7,0%,9.43
https://jobsbyculture.com/locations/remote/engineering,0,7,0%,10.29
https://jobsbyculture.com/locations/san-francisco/operations,0,7,0%,10.71
https://jobsbyculture.com/locations/sydney/sales,0,7,0%,14.43
https://jobsbyculture.com/locations/toronto/sales,0,7,0%,15
https://jobsbyculture.com/locations/new-york/ml-ai,0,7,0%,15.57
https://jobsbyculture.com/locations/seattle/ml-ai,0,7,0%,19
https://jobsbyculture.com/locations/london/marketing,0,7,0%,34.29
https://jobsbyculture.com/locations/munich/engineering,0,6,0%,2.17
https://jobsbyculture.com/compare/apollo-vs-brex,0,6,0%,4
https://jobsbyculture.com/compare/figma-vs-canva,0,6,0%,4.33
https://jobsbyculture.com/directory,0,6,0%,5.33
https://jobsbyculture.com/roles/many-hats/engineering,0,6,0%,6.33
https://jobsbyculture.com/compare/incidentio-vs-linear,0,6,0%,7
https://jobsbyculture.com/roles/marketing,0,6,0%,7.33
https://jobsbyculture.com/compare/airtable-vs-replit,0,6,0%,7.83
https://jobsbyculture.com/locations/new-york/product,0,6,0%,8
https://jobsbyculture.com/roles/wlb/ml-ai,0,6,0%,10.67
https://jobsbyculture.com/roles/product-impact/design,0,6,0%,11.33
https://jobsbyculture.com/locations/berlin/engineering,0,6,0%,12.33
https://jobsbyculture.com/locations/bengaluru/engineering,0,6,0%,15.33
https://jobsbyculture.com/compare/cursor-vs-grafanalabs,0,6,0%,15.67
https://jobsbyculture.com/locations/remote/hr-people,0,6,0%,16.17
https://jobsbyculture.com/locations/singapore,0,6,0%,31.17
https://jobsbyculture.com/locations/new-york/hr-people,0,6,0%,47.5
https://jobsbyculture.com/locations/san-francisco/hr-people,0,6,0%,50
https://jobsbyculture.com/compare/apollo-vs-grafanalabs,0,5,0%,2.4
https://jobsbyculture.com/compare/cursor-vs-ramp,0,5,0%,4.2
https://jobsbyculture.com/roles/social-impact/design,0,5,0%,4.2
https://jobsbyculture.com/compare/modal-vs-supabase,0,5,0%,4.4
https://jobsbyculture.com/compare/incidentio-vs-pinecone,0,5,0%,5.2
https://jobsbyculture.com/compare/grafanalabs-vs-replit,0,5,0%,5.4
https://jobsbyculture.com/compare/brex-vs-perplexity,0,5,0%,6
https://jobsbyculture.com/compare/cursor-vs-supabase,0,5,0%,6.2
https://jobsbyculture.com/roles/async/engineering,0,5,0%,6.8
https://jobsbyculture.com/roles/ethical-ai/ml-ai,0,5,0%,6.8
https://jobsbyculture.com/locations/dublin/sales,0,5,0%,7
https://jobsbyculture.com/compare/anthropic-vs-brex,0,5,0%,7.4
https://jobsbyculture.com/compare/anthropic-vs-pylon,0,5,0%,7.6
https://jobsbyculture.com/compare/brex-vs-plaid,0,5,0%,7.8
https://jobsbyculture.com/roles/equity/engineering,0,5,0%,8.2
https://jobsbyculture.com/roles/equity/legal,0,5,0%,8.8
https://jobsbyculture.com/roles/eng-driven/sales,0,5,0%,9.8
https://jobsbyculture.com/roles/remote/sales,0,5,0%,10.6
https://jobsbyculture.com/compare/openai-vs-runway,0,5,0%,11.2
https://jobsbyculture.com/roles/finance,0,5,0%,14.4
https://jobsbyculture.com/locations/tokyo/sales,0,5,0%,16.4
https://jobsbyculture.com/compare/brex-vs-scale,0,5,0%,18.4
https://jobsbyculture.com/locations/seattle/data,0,5,0%,20.4
https://jobsbyculture.com/roles/data,0,5,0%,23
https://jobsbyculture.com/locations/sydney,0,5,0%,23.8
https://jobsbyculture.com/locations/bengaluru/marketing,0,5,0%,26.6
https://jobsbyculture.com/locations/san-francisco/data,0,5,0%,30
https://jobsbyculture.com/compare/supabase-vs-vercel,0,5,0%,31.2
https://jobsbyculture.com/compare/airtable-vs-hubspot,0,5,0%,34.6
https://jobsbyculture.com/locations/london/hr-people,0,5,0%,49.2
https://jobsbyculture.com/compare/baseten-vs-pinecone,0,4,0%,1.75
https://jobsbyculture.com/compare/databricks-vs-posthog,0,4,0%,3.75
https://jobsbyculture.com/compare/airtable-vs-cursor,0,4,0%,4.25
https://jobsbyculture.com/compare/cursor-vs-modal,0,4,0%,4.25
https://www.jobsbyculture.com/jobs?value=flex-hours,0,4,0%,4.25
https://jobsbyculture.com/compare/modal-vs-tailscale,0,4,0%,4.5
https://jobsbyculture.com/roles/async/sales,0,4,0%,4.5
https://jobsbyculture.com/compare/airbnb-vs-uber,0,4,0%,4.75
https://jobsbyculture.com/compare/brex-vs-together,0,4,0%,5
https://jobsbyculture.com/compare/openai-vs-posthog,0,4,0%,5.25
https://jobsbyculture.com/compare/posthog-vs-replit,0,4,0%,5.25
https://jobsbyculture.com/compare/pinecone-vs-posthog,0,4,0%,5.5
https://jobsbyculture.com/blog/working-at-mistral-2026,0,4,0%,6
https://jobsbyculture.com/locations/san-francisco/legal,0,4,0%,6
https://jobsbyculture.com/roles/open-source/marketing,0,4,0%,6
https://jobsbyculture.com/compare/posthog-vs-suno,0,4,0%,6.25
https://jobsbyculture.com/locations/new-york/legal,0,4,0%,6.5
https://jobsbyculture.com/compare/cursor-vs-deepmind,0,4,0%,6.75
https://jobsbyculture.com/compare/grafanalabs-vs-ramp,0,4,0%,7
https://jobsbyculture.com/compare/langchain-vs-openai,0,4,0%,7
https://jobsbyculture.com/compare/notion-vs-tailscale,0,4,0%,7
https://jobsbyculture.com/roles/ethical-ai/sales,0,4,0%,7
https://jobsbyculture.com/roles/wlb/product,0,4,0%,7
https://jobsbyculture.com/values/async,0,4,0%,7
https://jobsbyculture.com/compare/perplexity-vs-supabase,0,4,0%,7.25
https://jobsbyculture.com/blog/working-at-supabase-2026,0,4,0%,7.5
https://jobsbyculture.com/compare/anthropic-vs-tailscale,0,4,0%,7.5
https://jobsbyculture.com/compare/plaid-vs-tailscale,0,4,0%,7.5
https://jobsbyculture.com/compare/stripe-vs-airbnb,0,4,0%,7.5
https://jobsbyculture.com/compare/brex-vs-vercel,0,4,0%,8
https://jobsbyculture.com/roles/open-source/legal,0,4,0%,8
https://jobsbyculture.com/compare/linear-vs-tailscale,0,4,0%,8.25
https://jobsbyculture.com/compare/notion-vs-pylon,0,4,0%,8.25
https://jobsbyculture.com/roles/ethical-ai/marketing,0,4,0%,8.5
https://jobsbyculture.com/compare/replit-vs-supabase,0,4,0%,8.75
https://jobsbyculture.com/compare/grafanalabs-vs-vast,0,4,0%,9
https://jobsbyculture.com/compare/coreweave-vs-grafanalabs,0,4,0%,9.5
https://jobsbyculture.com/compare/langchain-vs-pylon,0,4,0%,9.5
https://jobsbyculture.com/roles/eng-driven/product,0,4,0%,9.5
https://jobsbyculture.com/compare/cursor-vs-mercury,0,4,0%,10
https://jobsbyculture.com/roles/social-impact/marketing,0,4,0%,10
https://jobsbyculture.com/locations/bengaluru/sales,0,4,0%,10.25
https://jobsbyculture.com/locations/dublin/finance,0,4,0%,11.5
https://jobsbyculture.com/locations/seattle/marketing,0,4,0%,12.75
https://jobsbyculture.com/locations/new-york/data,0,4,0%,13.25
https://jobsbyculture.com/locations/san-francisco/marketing,0,4,0%,14.5
https://jobsbyculture.com/roles/flat/data,0,4,0%,15.75
https://jobsbyculture.com/locations/singapore/engineering,0,4,0%,16.75
https://jobsbyculture.com/locations/london/legal,0,4,0%,19.5
https://jobsbyculture.com/locations/chicago/sales,0,4,0%,20.75
https://jobsbyculture.com/locations/bengaluru/data,0,4,0%,71
https://jobsbyculture.com/compare/elevenlabs-vs-langchain,0,3,0%,2.33
https://jobsbyculture.com/compare/brex-vs-mistral,0,3,0%,2.67
https://jobsbyculture.com/quiz,0,3,0%,2.67
https://jobsbyculture.com/compare/brex-vs-pylon,0,3,0%,3.33
https://jobsbyculture.com/compare/anthropic-vs-cohere,0,3,0%,3.67
https://jobsbyculture.com/compare/brex-vs-hubspot,0,3,0%,4
https://jobsbyculture.com/compare/mistral-vs-supabase,0,3,0%,4
https://jobsbyculture.com/compare/supabase-vs-vast,0,3,0%,4
https://jobsbyculture.com/compare/datadog-vs-huggingface,0,3,0%,4.33
https://jobsbyculture.com/compare/cursor-vs-stripe,0,3,0%,4.67
https://jobsbyculture.com/compare/huggingface-vs-perplexity,0,3,0%,4.67
https://jobsbyculture.com/compare/pinecone-vs-runway,0,3,0%,4.67
https://jobsbyculture.com/roles/learning/design,0,3,0%,5
https://jobsbyculture.com/compare/airtable-vs-pinecone,0,3,0%,5.33
https://jobsbyculture.com/compare/hubspot-vs-plaid,0,3,0%,5.33
https://jobsbyculture.com/locations/munich/sales,0,3,0%,5.67
https://jobsbyculture.com/roles/ethical-ai/operations,0,3,0%,5.67
https://jobsbyculture.com/compare/brex-vs-notion,0,3,0%,6
https://jobsbyculture.com/roles/flex-hours/engineering,0,3,0%,6
https://jobsbyculture.com/roles/social-impact/operations,0,3,0%,6
https://jobsbyculture.com/compare/incidentio-vs-replit,0,3,0%,6.33
https://jobsbyculture.com/compare/supabase-vs-weaviate,0,3,0%,6.67
https://jobsbyculture.com/compare/brex-vs-openai,0,3,0%,7
https://jobsbyculture.com/compare/databricks-vs-plaid,0,3,0%,7
https://jobsbyculture.com/compare/huggingface-vs-runway,0,3,0%,7
https://jobsbyculture.com/compare/supabase-vs-tailscale,0,3,0%,7
https://jobsbyculture.com/compare/anthropic-vs-figma,0,3,0%,7.33
https://jobsbyculture.com/compare/figma-vs-plaid,0,3,0%,7.33
https://jobsbyculture.com/compare/hubspot-vs-incidentio,0,3,0%,7.33
https://jobsbyculture.com/compare/hubspot-vs-supabase,0,3,0%,7.33
https://jobsbyculture.com/compare/pylon-vs-scale,0,3,0%,7.33
https://jobsbyculture.com/roles/async/product,0,3,0%,7.33
https://jobsbyculture.com/roles/diverse/ml-ai,0,3,0%,7.33
https://jobsbyculture.com/compare/brex-vs-tailscale,0,3,0%,7.67
https://jobsbyculture.com/compare/langchain-vs-modal,0,3,0%,7.67
https://jobsbyculture.com/compare/airbnb-vs-posthog,0,3,0%,8
https://jobsbyculture.com/compare/plaid-vs-ramp,0,3,0%,8.33
https://jobsbyculture.com/roles/flat/finance,0,3,0%,8.67
https://jobsbyculture.com/compare/perplexity-vs-plaid,0,3,0%,9
https://jobsbyculture.com/compare/mistral-vs-scale,0,3,0%,9.33
https://jobsbyculture.com/locations/austin/engineering,0,3,0%,9.67
https://jobsbyculture.com/roles/many-hats/product,0,3,0%,9.67
https://jobsbyculture.com/roles/remote/finance,0,3,0%,10
https://jobsbyculture.com/roles/equity/operations,0,3,0%,10.33
https://jobsbyculture.com/compare/pinecone-vs-pylon,0,3,0%,11
https://jobsbyculture.com/locations/austin/sales,0,3,0%,11
https://jobsbyculture.com/values/many-hats,0,3,0%,11.33
https://jobsbyculture.com/locations/new-york/finance,0,3,0%,12.33
https://jobsbyculture.com/roles/transparent/ml-ai,0,3,0%,13.33
https://jobsbyculture.com/locations/london/product,0,3,0%,19
https://jobsbyculture.com/compare/suno-vs-vercel,0,3,0%,19.33
https://jobsbyculture.com/locations/dublin/engineering,0,3,0%,20.33
https://jobsbyculture.com/locations/bengaluru/finance,0,3,0%,29.33
https://jobsbyculture.com/roles/diverse/operations,0,3,0%,58.33
https://jobsbyculture.com/compare/runway-vs-suno,0,2,0%,1
https://jobsbyculture.com/compare/cohere-vs-suno,0,2,0%,1.5
https://jobsbyculture.com/compare/databricks-vs-scale,0,2,0%,1.5
https://jobsbyculture.com/compare/vercel-vs-netlify,0,2,0%,1.5
https://jobsbyculture.com/compare/mistral-vs-stripe,0,2,0%,2
https://jobsbyculture.com/compare/coreweave-vs-suno,0,2,0%,3.5
https://jobsbyculture.com/locations/remote/marketing,0,2,0%,3.5
https://jobsbyculture.com/compare/cohere-vs-plaid,0,2,0%,4
https://jobsbyculture.com/compare/deepmind-vs-mercury,0,2,0%,4
https://jobsbyculture.com/compare/grafanalabs-vs-pinecone,0,2,0%,4
https://jobsbyculture.com/compare/mercury-vs-plaid,0,2,0%,4
https://jobsbyculture.com/roles/wlb/engineering,0,2,0%,4
https://jobsbyculture.com/seniority/lead,0,2,0%,4.5
https://jobsbyculture.com/compare/brex-vs-coreweave,0,2,0%,5
https://jobsbyculture.com/compare/huggingface-vs-openai,0,2,0%,5
https://jobsbyculture.com/locations/san-francisco/sales,0,2,0%,5
https://jobsbyculture.com/roles/deep-work/hr-people,0,2,0%,5
https://jobsbyculture.com/roles/many-hats/marketing,0,2,0%,5
https://jobsbyculture.com/roles/social-impact/product,0,2,0%,5
https://www.jobsbyculture.com/jobs?seniority=staff,0,2,0%,5
https://jobsbyculture.com/compare/airtable-vs-vercel,0,2,0%,5.5
https://jobsbyculture.com/compare/cursor-vs-fireworksai,0,2,0%,5.5
https://jobsbyculture.com/compare/linear-vs-scale,0,2,0%,5.5
https://jobsbyculture.com/roles/ethical-ai/finance,0,2,0%,5.5
https://jobsbyculture.com/compare/deepmind-vs-scale,0,2,0%,6
https://jobsbyculture.com/compare/huggingface-vs-mistral,0,2,0%,6
https://jobsbyculture.com/roles/legal,0,2,0%,6
https://jobsbyculture.com/roles/transparent/engineering,0,2,0%,6
https://jobsbyculture.com/compare/airtable-vs-incidentio,0,2,0%,6.5
https://jobsbyculture.com/compare/anthropic-vs-supabase,0,2,0%,6.5
https://jobsbyculture.com/compare/baseten-vs-modal,0,2,0%,6.5
https://jobsbyculture.com/compare/grafanalabs-vs-notion,0,2,0%,6.5
https://jobsbyculture.com/compare/airbnb-vs-plaid,0,2,0%,7
https://jobsbyculture.com/compare/suno-vs-vast,0,2,0%,7
https://jobsbyculture.com/locations/remote/operations,0,2,0%,7
https://jobsbyculture.com/locations/toronto/ml-ai,0,2,0%,7
https://jobsbyculture.com/roles/flat/product,0,2,0%,7
https://jobsbyculture.com/roles/transparent/sales,0,2,0%,7
https://jobsbyculture.com/compare/brex-vs-langchain,0,2,0%,7.5
https://jobsbyculture.com/compare/elevenlabs-vs-pinecone,0,2,0%,7.5
https://jobsbyculture.com/compare/scale-vs-tailscale,0,2,0%,7.5
https://jobsbyculture.com/compare/grafanalabs-vs-runway,0,2,0%,8
https://jobsbyculture.com/compare/plaid-vs-pylon,0,2,0%,8
https://jobsbyculture.com/locations/singapore/operations,0,2,0%,8
https://jobsbyculture.com/roles/flat/operations,0,2,0%,8
https://jobsbyculture.com/roles/flex-hours/sales,0,2,0%,8
https://jobsbyculture.com/roles/remote/design,0,2,0%,8
https://www.jobsbyculture.com/jobs?role=marketing,0,2,0%,8
https://jobsbyculture.com/compare/incidentio-vs-notion,0,2,0%,8.5
https://jobsbyculture.com/locations/new-york/marketing,0,2,0%,8.5
https://jobsbyculture.com/locations/new-york/sales,0,2,0%,8.5
https://jobsbyculture.com/compare/databricks-vs-tailscale,0,2,0%,9
https://jobsbyculture.com/compare/notion-vs-plaid,0,2,0%,9
https://jobsbyculture.com/locations/remote/legal,0,2,0%,9
https://jobsbyculture.com/seniority/entry/operations,0,2,0%,9
https://jobsbyculture.com/roles/diverse/hr-people,0,2,0%,9.5
https://jobsbyculture.com/roles/remote/operations,0,2,0%,9.5
https://jobsbyculture.com/compare/airbnb-vs-pylon,0,2,0%,10
https://jobsbyculture.com/compare/deepmind-vs-incidentio,0,2,0%,10
https://jobsbyculture.com/locations/new-york/operations,0,2,0%,10
https://jobsbyculture.com/seniority/lead/finance,0,2,0%,10
https://jobsbyculture.com/locations/toronto,0,2,0%,10.5
https://jobsbyculture.com/roles/deep-work/product,0,2,0%,10.5
https://jobsbyculture.com/roles/equity/data,0,2,0%,10.5
https://jobsbyculture.com/compare/langchain-vs-posthog,0,2,0%,11
https://jobsbyculture.com/compare/posthog-vs-ramp,0,2,0%,11
https://jobsbyculture.com/locations/toronto/engineering,0,2,0%,11
https://jobsbyculture.com/roles/diverse/data,0,2,0%,11
https://jobsbyculture.com/roles/remote/legal,0,2,0%,11
https://jobsbyculture.com/roles/flat/sales,0,2,0%,11.5
https://jobsbyculture.com/compare/airbnb-vs-incidentio,0,2,0%,14
https://jobsbyculture.com/roles/many-hats/support,0,2,0%,18.5
https://jobsbyculture.com/locations/seattle/legal,0,2,0%,24.5
https://jobsbyculture.com/compare/apollo-vs-posthog,0,2,0%,28.5
https://jobsbyculture.com/roles/wlb/finance,0,2,0%,33.5
https://jobsbyculture.com/locations/chicago/hr-people,0,2,0%,36.5
https://jobsbyculture.com/locations/bengaluru/product,0,2,0%,68.5
https://jobsbyculture.com/compare/anthropic-vs-modal,0,1,0%,1
https://jobsbyculture.com/compare/anthropic-vs-runway,0,1,0%,1
https://jobsbyculture.com/compare/apollo-vs-deepmind,0,1,0%,1
https://jobsbyculture.com/compare/apollo-vs-mercury,0,1,0%,1
https://jobsbyculture.com/compare/apollo-vs-stripe,0,1,0%,1
https://jobsbyculture.com/compare/figma-vs-langchain,0,1,0%,1
https://jobsbyculture.com/compare/langchain-vs-suno,0,1,0%,1
https://jobsbyculture.com/jobs,0,1,0%,1
https://jobsbyculture.com/locations/san-francisco/support,0,1,0%,1
https://jobsbyculture.com/compare/airtable-vs-grafanalabs,0,1,0%,2
https://jobsbyculture.com/compare/elevenlabs-vs-incidentio,0,1,0%,2
https://jobsbyculture.com/compare/grafanalabs-vs-stripe,0,1,0%,2
https://jobsbyculture.com/compare/openai-vs-meta,0,1,0%,2
https://jobsbyculture.com/compare/airbnb-vs-tailscale,0,1,0%,3
https://jobsbyculture.com/compare/brex-vs-cohere,0,1,0%,3
https://jobsbyculture.com/compare/replit-vs-suno,0,1,0%,3
https://jobsbyculture.com/locations/remote/support,0,1,0%,3
https://jobsbyculture.com/locations/seattle/hr-people,0,1,0%,3
https://jobsbyculture.com/roles/many-hats/legal,0,1,0%,3
https://jobsbyculture.com/seniority/director/sales,0,1,0%,3
https://www.jobsbyculture.com/jobs?value=psych-safety,0,1,0%,3
https://jobsbyculture.com/compare/airbnb-vs-stripe,0,1,0%,4
https://jobsbyculture.com/compare/brex-vs-mercury,0,1,0%,4
https://jobsbyculture.com/compare/cohere-vs-mercury,0,1,0%,4
https://jobsbyculture.com/compare/datadog-vs-langchain,0,1,0%,4
https://jobsbyculture.com/compare/hubspot-vs-tailscale,0,1,0%,4
https://jobsbyculture.com/compare/posthog-vs-vast,0,1,0%,4
https://jobsbyculture.com/compare/pylon-vs-tailscale,0,1,0%,4
https://jobsbyculture.com/compare/pylon-vs-together,0,1,0%,4
https://jobsbyculture.com/compare/anthropic-vs-mercury,0,1,0%,5
https://jobsbyculture.com/compare/baseten-vs-fireworksai,0,1,0%,5
https://jobsbyculture.com/compare/langchain-vs-linear,0,1,0%,5
https://jobsbyculture.com/compare/openai-vs-supabase,0,1,0%,5
https://jobsbyculture.com/locations/dublin/marketing,0,1,0%,5
https://jobsbyculture.com/locations/dublin/support,0,1,0%,5
https://jobsbyculture.com/roles/learning/support,0,1,0%,5
https://jobsbyculture.com/roles/social-impact/hr-people,0,1,0%,5
https://jobsbyculture.com/seniority/staff,0,1,0%,5
https://jobsbyculture.com/compare/brex-vs-pinecone,0,1,0%,6
https://jobsbyculture.com/compare/databricks-vs-datadog,0,1,0%,6
https://jobsbyculture.com/compare/perplexity-vs-posthog,0,1,0%,6
https://jobsbyculture.com/locations/dublin/hr-people,0,1,0%,6
https://jobsbyculture.com/roles/open-source/engineering,0,1,0%,6
https://jobsbyculture.com/roles/open-source/hr-people,0,1,0%,6
https://jobsbyculture.com/roles/remote/support,0,1,0%,6
https://jobsbyculture.com/seniority/senior,0,1,0%,6
https://jobsbyculture.com/values/diverse,0,1,0%,6
https://jobsbyculture.com/compare/datadog-vs-hubspot,0,1,0%,7
https://jobsbyculture.com/compare/incidentio-vs-modal,0,1,0%,7
https://jobsbyculture.com/compare/mistral-vs-posthog,0,1,0%,7
https://jobsbyculture.com/locations/remote/product,0,1,0%,7
https://jobsbyculture.com/locations/singapore/hr-people,0,1,0%,7
https://jobsbyculture.com/roles/ship-fast/finance,0,1,0%,7
https://jobsbyculture.com/values/psych-safety,0,1,0%,7
https://www.jobsbyculture.com/jobs?role=design,0,1,0%,7
https://jobsbyculture.com/compare/airtable-vs-cohere,0,1,0%,8
https://jobsbyculture.com/compare/anthropic-vs-fireworksai,0,1,0%,8
https://jobsbyculture.com/compare/cloudflare-vs-coreweave,0,1,0%,8
https://jobsbyculture.com/compare/cohere-vs-posthog,0,1,0%,8
https://jobsbyculture.com/compare/elevenlabs-vs-ramp,0,1,0%,8
https://jobsbyculture.com/compare/elevenlabs-vs-tailscale,0,1,0%,8
https://jobsbyculture.com/compare/grafanalabs-vs-pylon,0,1,0%,8
https://jobsbyculture.com/compare/modal-vs-plaid,0,1,0%,8
https://jobsbyculture.com/compare/modal-vs-posthog,0,1,0%,8
https://jobsbyculture.com/compare/suno-vs-weaviate,0,1,0%,8
https://jobsbyculture.com/roles/open-source/support,0,1,0%,8
https://jobsbyculture.com/roles/product-impact/legal,0,1,0%,8
https://jobsbyculture.com/compare/airtable-vs-linear,0,1,0%,9
https://jobsbyculture.com/compare/apollo-vs-supabase,0,1,0%,9
https://jobsbyculture.com/compare/cohere-vs-tailscale,0,1,0%,9
https://jobsbyculture.com/compare/datadog-vs-ramp,0,1,0%,9
https://jobsbyculture.com/compare/datadog-vs-tailscale,0,1,0%,9
https://jobsbyculture.com/compare/grafanalabs-vs-perplexity,0,1,0%,9
https://jobsbyculture.com/compare/grafanalabs-vs-posthog,0,1,0%,9
https://jobsbyculture.com/compare/incidentio-vs-ramp,0,1,0%,9
https://jobsbyculture.com/compare/incidentio-vs-tailscale,0,1,0%,9
https://jobsbyculture.com/compare/incidentio-vs-vercel,0,1,0%,9
https://jobsbyculture.com/compare/mercury-vs-perplexity,0,1,0%,9
https://jobsbyculture.com/compare/mercury-vs-supabase,0,1,0%,9
https://jobsbyculture.com/compare/ramp-vs-runway,0,1,0%,9
https://jobsbyculture.com/compare/tailscale-vs-together,0,1,0%,9
https://jobsbyculture.com/locations/remote/design,0,1,0%,9
https://jobsbyculture.com/roles/equity/ml-ai,0,1,0%,9
https://jobsbyculture.com/roles/equity/sales,0,1,0%,9
https://jobsbyculture.com/roles/ethical-ai/legal,0,1,0%,9
https://jobsbyculture.com/roles/many-hats/sales,0,1,0%,9
https://jobsbyculture.com/roles/transparent/finance,0,1,0%,9
https://jobsbyculture.com/seniority/lead/support,0,1,0%,9
https://www.jobsbyculture.com/jobs?role=operations,0,1,0%,9
https://jobsbyculture.com/compare/anthropic-vs-ramp,0,1,0%,10
https://jobsbyculture.com/compare/baseten-vs-plaid,0,1,0%,10
https://jobsbyculture.com/compare/crusoe-vs-tailscale,0,1,0%,10
https://jobsbyculture.com/compare/datadog-vs-posthog,0,1,0%,10
https://jobsbyculture.com/compare/grafanalabs-vs-plaid,0,1,0%,10
https://jobsbyculture.com/compare/linear-vs-mercury,0,1,0%,10
https://jobsbyculture.com/compare/pylon-vs-weaviate,0,1,0%,10
https://jobsbyculture.com/compare/runway-vs-stripe,0,1,0%,10
https://jobsbyculture.com/locations/seattle/engineering,0,1,0%,10
https://jobsbyculture.com/roles/flex-hours/ml-ai,0,1,0%,10
https://jobsbyculture.com/roles/learning/ml-ai,0,1,0%,10
https://jobsbyculture.com/compare/crusoe-vs-posthog,0,1,0%,11
https://jobsbyculture.com/compare/cursor-vs-plaid,0,1,0%,11
https://jobsbyculture.com/compare/figma-vs-suno,0,1,0%,11
https://jobsbyculture.com/compare/huggingface-vs-posthog,0,1,0%,11
https://jobsbyculture.com/compare/langchain-vs-tailscale,0,1,0%,11
https://jobsbyculture.com/compare/mercury-vs-posthog,0,1,0%,11
https://jobsbyculture.com/compare/mistral-vs-pylon,0,1,0%,11
https://jobsbyculture.com/compare/notion-vs-suno,0,1,0%,11
https://jobsbyculture.com/roles/learning/marketing,0,1,0%,11
https://jobsbyculture.com/roles/many-hats/ml-ai,0,1,0%,11
https://jobsbyculture.com/roles/psych-safety/engineering,0,1,0%,11
https://jobsbyculture.com/roles/psych-safety/sales,0,1,0%,11
https://jobsbyculture.com/roles/ship-fast/marketing,0,1,0%,11
https://jobsbyculture.com/compare/brex-vs-linear,0,1,0%,12
https://jobsbyculture.com/compare/deepmind-vs-posthog,0,1,0%,12
https://jobsbyculture.com/compare/openai-vs-suno,0,1,0%,12
https://jobsbyculture.com/roles/flat/ml-ai,0,1,0%,12
https://jobsbyculture.com/roles/ship-fast/ml-ai,0,1,0%,12
https://jobsbyculture.com/roles/transparent/hr-people,0,1,0%,14
https://jobsbyculture.com/blog/culture-fit-interview-questions,0,1,0%,16
https://jobsbyculture.com/compare/cohere-vs-grafanalabs,0,1,0%,17
https://jobsbyculture.com/roles/ship-fast/sales,0,1,0%,17
https://jobsbyculture.com/compare/incidentio-vs-posthog,0,1,0%,19
https://jobsbyculture.com/roles/wlb/operations,0,1,0%,19
https://jobsbyculture.com/compare/huggingface-vs-suno,0,1,0%,20
https://jobsbyculture.com/compare/airtable-vs-elevenlabs,0,1,0%,27
https://jobsbyculture.com/locations/dublin/legal,0,1,0%,28
https://jobsbyculture.com/roles/diverse/finance,0,1,0%,33
https://jobsbyculture.com/locations/london/design,0,1,0%,38
https://jobsbyculture.com/compare/anthropic-vs-plaid,0,1,0%,39
https://jobsbyculture.com/seniority/senior/marketing,0,1,0%,41
https://jobsbyculture.com/compare/cursor-vs-incidentio,0,1,0%,42
https://jobsbyculture.com/compare/elevenlabs-vs-suno,0,1,0%,67
https://jobsbyculture.com/roles/social-impact/data,0,1,0%,71